{"Energy": {"holo_ref2015": -905.2953471902721, "bound": {"fa_atr": -11.320127335869975, "fa_rep": 1.765549885177193, "fa_sol": 3.4376933454123706, "fa_intra_rep": 7.925670677777333, "fa_intra_sol_xover4": 0.1996660251894531, "lk_ball_wtd": -0.15794385211654657, "fa_elec": 0.19296837629667848, "pro_close": 0.0, "hbond_sr_bb": 0.0, "hbond_lr_bb": 0.0, "hbond_bb_sc": 0.0, "hbond_sc": 0.0, "dslf_fa13": 0.0, "omega": 0.0, "fa_dun": 0.0, "p_aa_pp": 0.0, "yhh_planarity": 0.0, "ref": 0.0, "rama_prepro": 0.0, "total_score": -6.637062650851677}, "xyz_unbound": -905.2953471902721, "xyz_bound": -905.2953471902721, "xyz_\u2206\u2206G": 0.0, "unbound": {"fa_atr": 0.0, "fa_rep": 0.0, "fa_sol": 0.0, "fa_intra_rep": 9.49561853545353, "fa_intra_sol_xover4": 0.17243724725226656, "lk_ball_wtd": 0.0, "fa_elec": 0.0, "pro_close": 0.0, "hbond_sr_bb": 0.0, "hbond_lr_bb": 0.0, "hbond_bb_sc": 0.0, "hbond_sc": 0.0, "dslf_fa13": 0.0, "omega": 0.0, "fa_dun": 0.0, "p_aa_pp": 0.0, "yhh_planarity": 0.0, "ref": 0.0, "rama_prepro": 0.0, "total_score": 0.21991533992953421}}, "mRMSD": 1.8356763119075006, "RMSDs": []}