{"Energy": {"holo_ref2015": -906.5130282122483, "bound": {"fa_atr": -10.56409686406571, "fa_rep": 2.1872737061390852, "fa_sol": 2.7577997831780188, "fa_intra_rep": 82.00968436583935, "fa_intra_sol_xover4": 0.2232013623191642, "lk_ball_wtd": -0.037741634632545054, "fa_elec": -0.46314159862977305, "pro_close": 0.0, "hbond_sr_bb": 0.0, "hbond_lr_bb": 0.0, "hbond_bb_sc": -0.45665844306442793, "hbond_sc": 0.0, "dslf_fa13": 0.0, "omega": 0.0, "fa_dun": 0.0, "p_aa_pp": 0.0, "yhh_planarity": 0.0, "ref": 0.0, "rama_prepro": 0.0, "total_score": -6.9275884346895795}, "xyz_unbound": -905.5997113261193, "xyz_bound": -906.5130282122483, "xyz_\u2206\u2206G": -0.913316886128996, "unbound": {"fa_atr": 0.0, "fa_rep": 0.0, "fa_sol": 0.0, "fa_intra_rep": 9.90104915993347, "fa_intra_sol_xover4": 0.07016742373971813, "lk_ball_wtd": 0.0, "fa_elec": 0.0, "pro_close": 0.0, "hbond_sr_bb": 0.0, "hbond_lr_bb": 0.0, "hbond_bb_sc": 0.0, "hbond_sc": 0.0, "dslf_fa13": 0.0, "omega": 0.0, "fa_dun": 0.0, "p_aa_pp": 0.0, "yhh_planarity": 0.0, "ref": 0.0, "rama_prepro": 0.0, "total_score": 0.11967266953938548}}, "mRMSD": 1.9997889315084871, "RMSDs": []}