{"Energy": {"holo_ref2015": -899.7406383692488, "bound": {"fa_atr": -10.165527420307075, "fa_rep": 1.920542289867963, "fa_sol": 4.8863858908989934, "fa_intra_rep": 7.680296568001975, "fa_intra_sol_xover4": 0.3626032785622526, "lk_ball_wtd": -0.09912880584482325, "fa_elec": 0.0674518763598243, "pro_close": 0.0, "hbond_sr_bb": 0.0, "hbond_lr_bb": 0.0, "hbond_bb_sc": 0.0, "hbond_sc": 0.0, "dslf_fa13": 0.0, "omega": 0.0, "fa_dun": 0.0, "p_aa_pp": 0.0, "yhh_planarity": 0.0, "ref": 0.0, "rama_prepro": 0.0, "total_score": -3.853515438063439}, "xyz_unbound": -899.7406383692488, "xyz_bound": -899.7406383692488, "xyz_\u2206\u2206G": 0.0, "unbound": {"fa_atr": 0.0, "fa_rep": 0.0, "fa_sol": 0.0, "fa_intra_rep": 9.552902230802152, "fa_intra_sol_xover4": 0.46573635412514863, "lk_ball_wtd": 0.0, "fa_elec": 0.0, "pro_close": 0.0, "hbond_sr_bb": 0.0, "hbond_lr_bb": 0.0, "hbond_bb_sc": 0.0, "hbond_sc": 0.0, "dslf_fa13": 0.0, "omega": 0.0, "fa_dun": 0.0, "p_aa_pp": 0.0, "yhh_planarity": 0.0, "ref": 0.0, "rama_prepro": 0.0, "total_score": 0.5135008652791594}}, "mRMSD": 1.468076262261284, "RMSDs": []}