{"Energy": {"holo_ref2015": -905.279693541755, "bound": {"fa_atr": -11.548839513884081, "fa_rep": 1.7194766987120536, "fa_sol": 4.2083912007963615, "fa_intra_rep": 7.770025064986678, "fa_intra_sol_xover4": 0.1692519202874103, "lk_ball_wtd": -0.16132045611914655, "fa_elec": 0.034312772666368195, "pro_close": 0.0, "hbond_sr_bb": 0.0, "hbond_lr_bb": 0.0, "hbond_bb_sc": 0.0, "hbond_sc": 0.0, "dslf_fa13": 0.0, "omega": 0.0, "fa_dun": 0.0, "p_aa_pp": 0.0, "yhh_planarity": 0.0, "ref": 0.0, "rama_prepro": 0.0, "total_score": -6.313641766636525}, "xyz_unbound": -905.279693541755, "xyz_bound": -905.279693541755, "xyz_\u2206\u2206G": 0.0, "unbound": {"fa_atr": 0.0, "fa_rep": 0.0, "fa_sol": 0.0, "fa_intra_rep": 9.417774696246076, "fa_intra_sol_xover4": -0.0689410371948602, "lk_ball_wtd": 0.0, "fa_elec": 0.0, "pro_close": 0.0, "hbond_sr_bb": 0.0, "hbond_lr_bb": 0.0, "hbond_bb_sc": 0.0, "hbond_sc": 0.0, "dslf_fa13": 0.0, "omega": 0.0, "fa_dun": 0.0, "p_aa_pp": 0.0, "yhh_planarity": 0.0, "ref": 0.0, "rama_prepro": 0.0, "total_score": -0.021852163713629816}}, "mRMSD": 1.5762773361815428, "RMSDs": []}