{"Energy": {"holo_ref2015": -899.8299417906333, "bound": {"fa_atr": -10.475906517260402, "fa_rep": 2.4068141795314704, "fa_sol": 4.853245372820419, "fa_intra_rep": 7.502535384696044, "fa_intra_sol_xover4": 0.32909619484963126, "lk_ball_wtd": -0.06605222235630373, "fa_elec": 0.07593103816884197, "pro_close": 0.0, "hbond_sr_bb": 0.0, "hbond_lr_bb": 0.0, "hbond_bb_sc": 0.0, "hbond_sc": 0.0, "dslf_fa13": 0.0, "omega": 0.0, "fa_dun": 0.0, "p_aa_pp": 0.0, "yhh_planarity": 0.0, "ref": 0.0, "rama_prepro": 0.0, "total_score": -3.9224256581120236}, "xyz_unbound": -899.8299417906333, "xyz_bound": -899.8299417906333, "xyz_\u2206\u2206G": 0.0, "unbound": {"fa_atr": 0.0, "fa_rep": 0.0, "fa_sol": 0.0, "fa_intra_rep": 9.548088365724198, "fa_intra_sol_xover4": 0.41263073590649246, "lk_ball_wtd": 0.0, "fa_elec": 0.0, "pro_close": 0.0, "hbond_sr_bb": 0.0, "hbond_lr_bb": 0.0, "hbond_bb_sc": 0.0, "hbond_sc": 0.0, "dslf_fa13": 0.0, "omega": 0.0, "fa_dun": 0.0, "p_aa_pp": 0.0, "yhh_planarity": 0.0, "ref": 0.0, "rama_prepro": 0.0, "total_score": 0.46037117773511343}}, "mRMSD": 1.4845053110146933, "RMSDs": []}