{"Energy": {"MMFF_ligand": 246.17678274276489, "holo_ref2015": 1218.1812068555132, "ligand_ref2015": {"fa_atr": -13.014510832265001, "fa_rep": 8.45468488085466, "fa_sol": 6.260942881331962, "fa_intra_rep": 114.90712907183155, "fa_intra_sol_xover4": 1.5396072775984875, "lk_ball_wtd": -0.3707705509727925, "fa_elec": -0.8631266513402315, "pro_close": 0.0, "hbond_sr_bb": 0.0, "hbond_lr_bb": 0.0, "hbond_bb_sc": -0.6083783841276134, "hbond_sc": 0.0, "dslf_fa13": 0.0, "omega": 0.0, "fa_dun": 0.0, "p_aa_pp": 0.0, "yhh_planarity": 0.0, "ref": 0.0, "rama_prepro": 0.0, "total_score": -1.8316239299459682}, "xyz_unbound": 1219.3979636237686, "xyz_bound": 1218.1812068555132, "xyz_\u2206\u2206G": -1.2167567682554363}, "mRMSD": 1.7576350588219385, "RMSDs": [1.3201779804253666, 1.0537674949121048, 0.9038483279842918]}