{"Energy": {"holo_ref2015": -899.1335932504496, "bound": {"fa_atr": -6.478461060803237, "fa_rep": 1.001439262521841, "fa_sol": 4.253155308884047, "fa_intra_rep": 4.120333862428045, "fa_intra_sol_xover4": 0.34150551524195333, "lk_ball_wtd": -0.17906050239775925, "fa_elec": -0.8820036886659263, "pro_close": 0.0, "hbond_sr_bb": 0.0, "hbond_lr_bb": 0.0, "hbond_bb_sc": 0.0, "hbond_sc": -0.9646240697178641, "dslf_fa13": 0.0, "omega": 0.0, "fa_dun": 0.0, "p_aa_pp": 0.0, "yhh_planarity": 0.0, "ref": 0.0, "rama_prepro": 0.0, "total_score": -3.338095233759634}, "xyz_unbound": -897.2043451110142, "xyz_bound": -899.1335932504496, "xyz_\u2206\u2206G": -1.9292481394354581, "unbound": {"fa_atr": 0.0, "fa_rep": 0.0, "fa_sol": 0.0, "fa_intra_rep": 5.468032409558096, "fa_intra_sol_xover4": 0.31769512143153966, "lk_ball_wtd": 0.0, "fa_elec": 0.0, "pro_close": 0.0, "hbond_sr_bb": 0.0, "hbond_lr_bb": 0.0, "hbond_bb_sc": 0.0, "hbond_sc": 0.0, "dslf_fa13": 0.0, "omega": 0.0, "fa_dun": 0.0, "p_aa_pp": 0.0, "yhh_planarity": 0.0, "ref": 0.0, "rama_prepro": 0.0, "total_score": 0.34503528347933016}}, "mRMSD": 0.2605315741353099, "RMSDs": [0.24874059597354728, 0.3576658656943552]}