{"Energy": {"MMFF_ligand": 422.616140813425, "holo_ref2015": -357.7224203673611, "ligand_ref2015": {"fa_atr": -15.697254736196877, "fa_rep": 6.429908815303268, "fa_sol": 4.310963916427025, "fa_intra_rep": 41.06987198485727, "fa_intra_sol_xover4": 1.186949300923798, "lk_ball_wtd": -0.45109460548686825, "fa_elec": -0.28320055627522417, "pro_close": 0.0, "hbond_sr_bb": 0.0, "hbond_lr_bb": 0.0, "hbond_bb_sc": 0.0, "hbond_sc": 0.0, "dslf_fa13": 0.0, "omega": 0.0, "fa_dun": 0.0, "p_aa_pp": 0.0, "yhh_planarity": 0.0, "ref": 0.0, "rama_prepro": 0.0, "total_score": -7.1918374722670615}, "xyz_unbound": -357.7224203673611, "xyz_bound": -357.7224203673611, "xyz_\u2206\u2206G": 0.0}, "mRMSD": 0.9884013121430754, "RMSDs": [0.9884013121430754]}