{"Energy": {"holo_ref2015": -903.8669875256285, "bound": {"fa_atr": -10.400419034569902, "fa_rep": 2.015150168259827, "fa_sol": 3.3723595519788088, "fa_intra_rep": 25.24512383382981, "fa_intra_sol_xover4": 0.3403176489517757, "lk_ball_wtd": -0.4944110963951533, "fa_elec": 0.07910331491291261, "pro_close": 0.0, "hbond_sr_bb": 0.0, "hbond_lr_bb": 0.0, "hbond_bb_sc": 0.0, "hbond_sc": 0.0, "dslf_fa13": 0.0, "omega": 0.0, "fa_dun": 0.0, "p_aa_pp": 0.0, "yhh_planarity": 0.0, "ref": 0.0, "rama_prepro": 0.0, "total_score": -5.8684914034095055}, "xyz_unbound": -903.8669875256285, "xyz_bound": -903.8669875256285, "xyz_\u2206\u2206G": 0.0, "unbound": {"fa_atr": 0.0, "fa_rep": 0.0, "fa_sol": 0.0, "fa_intra_rep": 10.38884768756252, "fa_intra_sol_xover4": 0.1919227614814298, "lk_ball_wtd": 0.0, "fa_elec": 0.0, "pro_close": 0.0, "hbond_sr_bb": 0.0, "hbond_lr_bb": 0.0, "hbond_bb_sc": 0.0, "hbond_sc": 0.0, "dslf_fa13": 0.0, "omega": 0.0, "fa_dun": 0.0, "p_aa_pp": 0.0, "yhh_planarity": 0.0, "ref": 0.0, "rama_prepro": 0.0, "total_score": 0.2438669999192424}}, "mRMSD": 1.6213811846090296, "RMSDs": []}