{"Energy": {"holo_ref2015": -905.525222007169, "bound": {"fa_atr": -10.549413378622502, "fa_rep": 1.693990986329341, "fa_sol": 1.5662655254659144, "fa_intra_rep": 108.7000751245682, "fa_intra_sol_xover4": 0.059745803514810486, "lk_ball_wtd": -0.5619908084889897, "fa_elec": -0.024594736813229365, "pro_close": 0.0, "hbond_sr_bb": 0.0, "hbond_lr_bb": 0.0, "hbond_bb_sc": 0.0, "hbond_sc": 0.0, "dslf_fa13": 0.0, "omega": 0.0, "fa_dun": 0.0, "p_aa_pp": 0.0, "yhh_planarity": 0.0, "ref": 0.0, "rama_prepro": 0.0, "total_score": -8.034792176840018}, "xyz_unbound": -905.525222007169, "xyz_bound": -905.525222007169, "xyz_\u2206\u2206G": 0.0, "unbound": {"fa_atr": 0.0, "fa_rep": 0.0, "fa_sol": 0.0, "fa_intra_rep": 9.85579240966813, "fa_intra_sol_xover4": 0.03152582351983205, "lk_ball_wtd": 0.0, "fa_elec": 0.0, "pro_close": 0.0, "hbond_sr_bb": 0.0, "hbond_lr_bb": 0.0, "hbond_bb_sc": 0.0, "hbond_sc": 0.0, "dslf_fa13": 0.0, "omega": 0.0, "fa_dun": 0.0, "p_aa_pp": 0.0, "yhh_planarity": 0.0, "ref": 0.0, "rama_prepro": 0.0, "total_score": 0.0808047855681727}}, "mRMSD": 1.7935497017899624, "RMSDs": []}