{"Energy": {"holo_ref2015": -902.4087338716367, "bound": {"fa_atr": -10.350038272052117, "fa_rep": 2.2638298558455334, "fa_sol": 3.3621973620630548, "fa_intra_rep": 10.280463101792094, "fa_intra_sol_xover4": 0.4597933249943612, "lk_ball_wtd": -0.3204280419965739, "fa_elec": -0.6745425659490036, "pro_close": 0.0, "hbond_sr_bb": 0.0, "hbond_lr_bb": 0.0, "hbond_bb_sc": 0.0, "hbond_sc": 0.0, "dslf_fa13": 0.0, "omega": 0.0, "fa_dun": 0.0, "p_aa_pp": 0.0, "yhh_planarity": 0.0, "ref": 0.0, "rama_prepro": 0.0, "total_score": -6.226509456716275}, "xyz_unbound": -902.4087338716367, "xyz_bound": -902.4087338716367, "xyz_\u2206\u2206G": 0.0, "unbound": {"fa_atr": 0.0, "fa_rep": 0.0, "fa_sol": 0.0, "fa_intra_rep": 10.489051266897544, "fa_intra_sol_xover4": 0.27779619588332455, "lk_ball_wtd": 0.0, "fa_elec": 0.0, "pro_close": 0.0, "hbond_sr_bb": 0.0, "hbond_lr_bb": 0.0, "hbond_bb_sc": 0.0, "hbond_sc": 0.0, "dslf_fa13": 0.0, "omega": 0.0, "fa_dun": 0.0, "p_aa_pp": 0.0, "yhh_planarity": 0.0, "ref": 0.0, "rama_prepro": 0.0, "total_score": 0.33024145221781226}}, "mRMSD": 1.9510061915857493, "RMSDs": []}