{"Energy": {"holo_ref2015": -901.5038969283377, "bound": {"fa_atr": -9.458881576403437, "fa_rep": 0.7299220510418467, "fa_sol": 4.837803534145666, "fa_intra_rep": 12.617983364819, "fa_intra_sol_xover4": 0.42825678666354716, "lk_ball_wtd": -0.38397982651570395, "fa_elec": 0.029647520570646957, "pro_close": 0.0, "hbond_sr_bb": 0.0, "hbond_lr_bb": 0.0, "hbond_bb_sc": 0.0, "hbond_sc": 0.0, "dslf_fa13": 0.0, "omega": 0.0, "fa_dun": 0.0, "p_aa_pp": 0.0, "yhh_planarity": 0.0, "ref": 0.0, "rama_prepro": 0.0, "total_score": -4.08260651664217}, "xyz_unbound": -901.5038969283377, "xyz_bound": -901.5038969283377, "xyz_\u2206\u2206G": 0.0, "unbound": {"fa_atr": 0.0, "fa_rep": 0.0, "fa_sol": 0.0, "fa_intra_rep": 10.44539284853288, "fa_intra_sol_xover4": 0.8184800440972503, "lk_ball_wtd": 0.0, "fa_elec": 0.0, "pro_close": 0.0, "hbond_sr_bb": 0.0, "hbond_lr_bb": 0.0, "hbond_bb_sc": 0.0, "hbond_sc": 0.0, "dslf_fa13": 0.0, "omega": 0.0, "fa_dun": 0.0, "p_aa_pp": 0.0, "yhh_planarity": 0.0, "ref": 0.0, "rama_prepro": 0.0, "total_score": 0.8707070083399147}}, "mRMSD": 1.4293227768148908, "RMSDs": []}