{"Energy": {"holo_ref2015": -906.4426859494413, "bound": {"fa_atr": -11.858356496824301, "fa_rep": 2.5142018749595296, "fa_sol": 2.813362289613166, "fa_intra_rep": 9.090163983493564, "fa_intra_sol_xover4": 0.1462708930610941, "lk_ball_wtd": 0.1108218652011615, "fa_elec": -0.5250813768651631, "pro_close": 0.0, "hbond_sr_bb": 0.0, "hbond_lr_bb": 0.0, "hbond_bb_sc": 0.0, "hbond_sc": 0.0, "dslf_fa13": 0.0, "omega": 0.0, "fa_dun": 0.0, "p_aa_pp": 0.0, "yhh_planarity": 0.0, "ref": 0.0, "rama_prepro": 0.0, "total_score": -7.884720974668834}, "xyz_unbound": -906.4426859494413, "xyz_bound": -906.4426859494413, "xyz_\u2206\u2206G": 0.0, "unbound": {"fa_atr": 0.0, "fa_rep": 0.0, "fa_sol": 0.0, "fa_intra_rep": 9.518755622699212, "fa_intra_sol_xover4": 0.1622818893815659, "lk_ball_wtd": 0.0, "fa_elec": 0.0, "pro_close": 0.0, "hbond_sr_bb": 0.0, "hbond_lr_bb": 0.0, "hbond_bb_sc": 0.0, "hbond_sc": 0.0, "dslf_fa13": 0.0, "omega": 0.0, "fa_dun": 0.0, "p_aa_pp": 0.0, "yhh_planarity": 0.0, "ref": 0.0, "rama_prepro": 0.0, "total_score": 0.20987566749506198}}, "mRMSD": 1.9374144987342996, "RMSDs": []}