{"Energy": {"holo_ref2015": -903.4248227692943, "bound": {"fa_atr": -10.443351260259393, "fa_rep": 2.342736904635902, "fa_sol": 3.8315070749546525, "fa_intra_rep": 16.036542626759942, "fa_intra_sol_xover4": 0.36449992085945637, "lk_ball_wtd": -0.48687738257165125, "fa_elec": 0.06887010732526623, "pro_close": 0.0, "hbond_sr_bb": 0.0, "hbond_lr_bb": 0.0, "hbond_bb_sc": 0.0, "hbond_sc": 0.0, "dslf_fa13": 0.0, "omega": 0.0, "fa_dun": 0.0, "p_aa_pp": 0.0, "yhh_planarity": 0.0, "ref": 0.0, "rama_prepro": 0.0, "total_score": -5.296663529008123}, "xyz_unbound": -903.4248227692943, "xyz_bound": -903.4248227692943, "xyz_\u2206\u2206G": 0.0, "unbound": {"fa_atr": 0.0, "fa_rep": 0.0, "fa_sol": 0.0, "fa_intra_rep": 9.51654852404511, "fa_intra_sol_xover4": 0.20032362815131638, "lk_ball_wtd": 0.0, "fa_elec": 0.0, "pro_close": 0.0, "hbond_sr_bb": 0.0, "hbond_lr_bb": 0.0, "hbond_bb_sc": 0.0, "hbond_sc": 0.0, "dslf_fa13": 0.0, "omega": 0.0, "fa_dun": 0.0, "p_aa_pp": 0.0, "yhh_planarity": 0.0, "ref": 0.0, "rama_prepro": 0.0, "total_score": 0.24790637077154193}}, "mRMSD": 1.8025755731311182, "RMSDs": []}