{"Energy": {"holo_ref2015": -901.8265543060036, "bound": {"fa_atr": -10.45938267576481, "fa_rep": 3.5557347247372695, "fa_sol": 3.791537240074922, "fa_intra_rep": 8.803374308326495, "fa_intra_sol_xover4": 0.27026985761690436, "lk_ball_wtd": 0.03966451347646188, "fa_elec": -0.03951589562565338, "pro_close": 0.0, "hbond_sr_bb": 0.0, "hbond_lr_bb": 0.0, "hbond_bb_sc": -0.5103719769719554, "hbond_sc": 0.0, "dslf_fa13": 0.0, "omega": 0.0, "fa_dun": 0.0, "p_aa_pp": 0.0, "yhh_planarity": 0.0, "ref": 0.0, "rama_prepro": 0.0, "total_score": -4.908127967046999}, "xyz_unbound": -900.8058103520596, "xyz_bound": -901.8265543060036, "xyz_\u2206\u2206G": -1.0207439539440202, "unbound": {"fa_atr": 0.0, "fa_rep": 0.0, "fa_sol": 0.0, "fa_intra_rep": 9.585881342871692, "fa_intra_sol_xover4": 0.1624128073725136, "lk_ball_wtd": 0.0, "fa_elec": 0.0, "pro_close": 0.0, "hbond_sr_bb": 0.0, "hbond_lr_bb": 0.0, "hbond_bb_sc": 0.0, "hbond_sc": 0.0, "dslf_fa13": 0.0, "omega": 0.0, "fa_dun": 0.0, "p_aa_pp": 0.0, "yhh_planarity": 0.0, "ref": 0.0, "rama_prepro": 0.0, "total_score": 0.21034221408687206}}, "mRMSD": 1.7879944581484717, "RMSDs": []}