{"Energy": {"holo_ref2015": -900.325883300799, "bound": {"fa_atr": -9.578359332272452, "fa_rep": 1.6508143518169316, "fa_sol": 4.3156766283981325, "fa_intra_rep": 10.906493696437211, "fa_intra_sol_xover4": 0.32155183265180093, "lk_ball_wtd": -0.3697768885610372, "fa_elec": 0.2634491310906194, "pro_close": 0.0, "hbond_sr_bb": 0.0, "hbond_lr_bb": 0.0, "hbond_bb_sc": 0.0, "hbond_sc": 0.0, "dslf_fa13": 0.0, "omega": 0.0, "fa_dun": 0.0, "p_aa_pp": 0.0, "yhh_planarity": 0.0, "ref": 0.0, "rama_prepro": 0.0, "total_score": -4.084978266711438}, "xyz_unbound": -900.325883300799, "xyz_bound": -900.325883300799, "xyz_\u2206\u2206G": 0.0, "unbound": {"fa_atr": 0.0, "fa_rep": 0.0, "fa_sol": 0.0, "fa_intra_rep": 9.997189598158222, "fa_intra_sol_xover4": 0.23934055109777805, "lk_ball_wtd": 0.0, "fa_elec": 0.0, "pro_close": 0.0, "hbond_sr_bb": 0.0, "hbond_lr_bb": 0.0, "hbond_bb_sc": 0.0, "hbond_sc": 0.0, "dslf_fa13": 0.0, "omega": 0.0, "fa_dun": 0.0, "p_aa_pp": 0.0, "yhh_planarity": 0.0, "ref": 0.0, "rama_prepro": 0.0, "total_score": 0.28932649908856917}}, "mRMSD": 1.6534533250367467, "RMSDs": []}