{"Energy": {"holo_ref2015": -901.4695692501821, "bound": {"fa_atr": -6.959762097674658, "fa_rep": 1.2040184305472048, "fa_sol": 3.4947149844490357, "fa_intra_rep": 4.577161902640887, "fa_intra_sol_xover4": 0.013791120858188066, "lk_ball_wtd": -0.11361632254848994, "fa_elec": -0.9625006309441233, "pro_close": 0.0, "hbond_sr_bb": 0.0, "hbond_lr_bb": 0.0, "hbond_bb_sc": 0.0, "hbond_sc": -0.9104318404087441, "dslf_fa13": 0.0, "omega": 0.0, "fa_dun": 0.0, "p_aa_pp": 0.0, "yhh_planarity": 0.0, "ref": 0.0, "rama_prepro": 0.0, "total_score": -4.752708839954625}, "xyz_unbound": -899.6487055693647, "xyz_bound": -901.4695692501821, "xyz_\u2206\u2206G": -1.8208636808174106, "unbound": {"fa_atr": 0.0, "fa_rep": 0.0, "fa_sol": 0.0, "fa_intra_rep": 5.853535434933038, "fa_intra_sol_xover4": 0.02374080397545168, "lk_ball_wtd": 0.0, "fa_elec": 0.0, "pro_close": 0.0, "hbond_sr_bb": 0.0, "hbond_lr_bb": 0.0, "hbond_bb_sc": 0.0, "hbond_sc": 0.0, "dslf_fa13": 0.0, "omega": 0.0, "fa_dun": 0.0, "p_aa_pp": 0.0, "yhh_planarity": 0.0, "ref": 0.0, "rama_prepro": 0.0, "total_score": 0.05300848115011687}}, "mRMSD": 0.28378341470311286, "RMSDs": [0.28378341470311286]}