{"Energy": {"holo_ref2015": -905.5566770146631, "bound": {"fa_atr": -13.268524441786905, "fa_rep": 5.052915461761298, "fa_sol": 5.314309260960233, "fa_intra_rep": 20.85910970688957, "fa_intra_sol_xover4": -0.5965924587362922, "lk_ball_wtd": -0.3273820911665219, "fa_elec": -0.959954779922178, "pro_close": 0.0, "hbond_sr_bb": 0.0, "hbond_lr_bb": 0.0, "hbond_bb_sc": 0.0, "hbond_sc": -0.8382107872256597, "dslf_fa13": 0.0, "omega": 0.0, "fa_dun": 0.0, "p_aa_pp": 0.0, "yhh_planarity": 0.0, "ref": 0.0, "rama_prepro": 0.0, "total_score": -7.792956245374161}, "xyz_unbound": -903.8802554402118, "xyz_bound": -905.5566770146631, "xyz_\u2206\u2206G": -1.6764215744512967, "unbound": {"fa_atr": 0.0, "fa_rep": 0.0, "fa_sol": 0.0, "fa_intra_rep": 13.191711356258129, "fa_intra_sol_xover4": -0.4239291714950539, "lk_ball_wtd": 0.0, "fa_elec": 0.0, "pro_close": 0.0, "hbond_sr_bb": 0.0, "hbond_lr_bb": 0.0, "hbond_bb_sc": 0.0, "hbond_sc": 0.0, "dslf_fa13": 0.0, "omega": 0.0, "fa_dun": 0.0, "p_aa_pp": 0.0, "yhh_planarity": 0.0, "ref": 0.0, "rama_prepro": 0.0, "total_score": -0.35797061471376324}}, "mRMSD": 0.5002041678442827, "RMSDs": [0.4411512145587264, 0.7518065998564069]}