{"Energy": {"holo_ref2015": -902.882000564105, "bound": {"fa_atr": -10.237102962180991, "fa_rep": 2.0096885193764087, "fa_sol": 3.3644061133939918, "fa_intra_rep": 21.625451694902424, "fa_intra_sol_xover4": 0.34880268384214136, "lk_ball_wtd": -0.34753222788695065, "fa_elec": 0.2680584465151129, "pro_close": 0.0, "hbond_sr_bb": 0.0, "hbond_lr_bb": 0.0, "hbond_bb_sc": 0.0, "hbond_sc": 0.0, "dslf_fa13": 0.0, "omega": 0.0, "fa_dun": 0.0, "p_aa_pp": 0.0, "yhh_planarity": 0.0, "ref": 0.0, "rama_prepro": 0.0, "total_score": -5.3899120021851585}, "xyz_unbound": -902.882000564105, "xyz_bound": -902.882000564105, "xyz_\u2206\u2206G": 0.0, "unbound": {"fa_atr": 0.0, "fa_rep": 0.0, "fa_sol": 0.0, "fa_intra_rep": 10.15560147913902, "fa_intra_sol_xover4": 0.20363107394745347, "lk_ball_wtd": 0.0, "fa_elec": 0.0, "pro_close": 0.0, "hbond_sr_bb": 0.0, "hbond_lr_bb": 0.0, "hbond_bb_sc": 0.0, "hbond_sc": 0.0, "dslf_fa13": 0.0, "omega": 0.0, "fa_dun": 0.0, "p_aa_pp": 0.0, "yhh_planarity": 0.0, "ref": 0.0, "rama_prepro": 0.0, "total_score": 0.25440908134314855}}, "mRMSD": 1.5797992440728366, "RMSDs": []}