{"Energy": {"holo_ref2015": -903.0737071921122, "bound": {"fa_atr": -14.238521396420088, "fa_rep": 7.5861524447131305, "fa_sol": 6.499210510398097, "fa_intra_rep": 97.32623546898505, "fa_intra_sol_xover4": 0.35919892125845215, "lk_ball_wtd": -0.450653150952802, "fa_elec": -1.2965487441526375, "pro_close": 0.0, "hbond_sr_bb": 0.0, "hbond_lr_bb": 0.0, "hbond_bb_sc": -0.503411615600319, "hbond_sc": -0.7982233606347092, "dslf_fa13": 0.0, "omega": 0.0, "fa_dun": 0.0, "p_aa_pp": 0.0, "yhh_planarity": 0.0, "ref": 0.0, "rama_prepro": 0.0, "total_score": -5.769933814166859}, "xyz_unbound": -900.4704372396424, "xyz_bound": -903.0737071921122, "xyz_\u2206\u2206G": -2.603269952469873, "unbound": {"fa_atr": 0.0, "fa_rep": 0.0, "fa_sol": 0.0, "fa_intra_rep": 11.167643676802, "fa_intra_sol_xover4": 0.3729376304015566, "lk_ball_wtd": 0.0, "fa_elec": 0.0, "pro_close": 0.0, "hbond_sr_bb": 0.0, "hbond_lr_bb": 0.0, "hbond_bb_sc": 0.0, "hbond_sc": 0.0, "dslf_fa13": 0.0, "omega": 0.0, "fa_dun": 0.0, "p_aa_pp": 0.0, "yhh_planarity": 0.0, "ref": 0.0, "rama_prepro": 0.0, "total_score": 0.42877584878556657}}, "mRMSD": 0.8716016244976591, "RMSDs": [0.8712327918974074, 0.8738113507643409]}