{"Energy": {"holo_ref2015": -903.7385180663076, "bound": {"fa_atr": -11.508003977765602, "fa_rep": 2.2750223040414816, "fa_sol": 4.3741263765750755, "fa_intra_rep": 23.827705436160976, "fa_intra_sol_xover4": 0.3758079838692114, "lk_ball_wtd": -0.4553292331886518, "fa_elec": 0.1156827161597175, "pro_close": 0.0, "hbond_sr_bb": 0.0, "hbond_lr_bb": 0.0, "hbond_bb_sc": 0.0, "hbond_sc": 0.0, "dslf_fa13": 0.0, "omega": 0.0, "fa_dun": 0.0, "p_aa_pp": 0.0, "yhh_planarity": 0.0, "ref": 0.0, "rama_prepro": 0.0, "total_score": -5.72731533994663}, "xyz_unbound": -903.7385180663076, "xyz_bound": -903.7385180663076, "xyz_\u2206\u2206G": 0.0, "unbound": {"fa_atr": 0.0, "fa_rep": 0.0, "fa_sol": 0.0, "fa_intra_rep": 10.512970124691012, "fa_intra_sol_xover4": 0.22718926723517216, "lk_ball_wtd": 0.0, "fa_elec": 0.0, "pro_close": 0.0, "hbond_sr_bb": 0.0, "hbond_lr_bb": 0.0, "hbond_bb_sc": 0.0, "hbond_sc": 0.0, "dslf_fa13": 0.0, "omega": 0.0, "fa_dun": 0.0, "p_aa_pp": 0.0, "yhh_planarity": 0.0, "ref": 0.0, "rama_prepro": 0.0, "total_score": 0.27975411785862725}}, "mRMSD": 1.5286742882973825, "RMSDs": []}