{"Energy": {"holo_ref2015": -905.619526530429, "bound": {"fa_atr": -11.116672476632232, "fa_rep": 1.6585754168366404, "fa_sol": 3.3972067279383866, "fa_intra_rep": 8.003178159022577, "fa_intra_sol_xover4": 0.22813341214457725, "lk_ball_wtd": -0.14359367325841402, "fa_elec": 0.20912263165267705, "pro_close": 0.0, "hbond_sr_bb": 0.0, "hbond_lr_bb": 0.0, "hbond_bb_sc": 0.0, "hbond_sc": 0.0, "dslf_fa13": 0.0, "omega": 0.0, "fa_dun": 0.0, "p_aa_pp": 0.0, "yhh_planarity": 0.0, "ref": 0.0, "rama_prepro": 0.0, "total_score": -6.473571008099741}, "xyz_unbound": -905.619526530429, "xyz_bound": -905.619526530429, "xyz_\u2206\u2206G": 0.0, "unbound": {"fa_atr": 0.0, "fa_rep": 0.0, "fa_sol": 0.0, "fa_intra_rep": 9.45178888923722, "fa_intra_sol_xover4": 0.19387380448487185, "lk_ball_wtd": 0.0, "fa_elec": 0.0, "pro_close": 0.0, "hbond_sr_bb": 0.0, "hbond_lr_bb": 0.0, "hbond_bb_sc": 0.0, "hbond_sc": 0.0, "dslf_fa13": 0.0, "omega": 0.0, "fa_dun": 0.0, "p_aa_pp": 0.0, "yhh_planarity": 0.0, "ref": 0.0, "rama_prepro": 0.0, "total_score": 0.24113274893105796}}, "mRMSD": 1.561978294914477, "RMSDs": []}