{"Energy": {"holo_ref2015": -902.8779614231792, "bound": {"fa_atr": -10.840469979495188, "fa_rep": 3.4878627122581607, "fa_sol": 3.389392384056878, "fa_intra_rep": 11.205268424862224, "fa_intra_sol_xover4": 0.284617391681302, "lk_ball_wtd": -0.3086225119424871, "fa_elec": -0.7321883211260839, "pro_close": 0.0, "hbond_sr_bb": 0.0, "hbond_lr_bb": 0.0, "hbond_bb_sc": -0.15382371139257428, "hbond_sc": 0.0, "dslf_fa13": 0.0, "omega": 0.0, "fa_dun": 0.0, "p_aa_pp": 0.0, "yhh_planarity": 0.0, "ref": 0.0, "rama_prepro": 0.0, "total_score": -6.386743914351852}, "xyz_unbound": -902.5703140003941, "xyz_bound": -902.8779614231792, "xyz_\u2206\u2206G": -0.30764742278506674, "unbound": {"fa_atr": 0.0, "fa_rep": 0.0, "fa_sol": 0.0, "fa_intra_rep": 9.361222054351256, "fa_intra_sol_xover4": 0.2160773259659508, "lk_ball_wtd": 0.0, "fa_elec": 0.0, "pro_close": 0.0, "hbond_sr_bb": 0.0, "hbond_lr_bb": 0.0, "hbond_bb_sc": 0.0, "hbond_sc": 0.0, "dslf_fa13": 0.0, "omega": 0.0, "fa_dun": 0.0, "p_aa_pp": 0.0, "yhh_planarity": 0.0, "ref": 0.0, "rama_prepro": 0.0, "total_score": 0.2628834362377071}}, "mRMSD": 1.8343219772281036, "RMSDs": []}