{"Energy": {"holo_ref2015": -902.7952269223407, "bound": {"fa_atr": -10.329141446084707, "fa_rep": 2.0187940683592593, "fa_sol": 3.7796920254017334, "fa_intra_rep": 25.24713384076527, "fa_intra_sol_xover4": 0.38713225401829127, "lk_ball_wtd": -0.5000384310425222, "fa_elec": 0.09087784435264801, "pro_close": 0.0, "hbond_sr_bb": 0.0, "hbond_lr_bb": 0.0, "hbond_bb_sc": 0.0, "hbond_sc": 0.0, "dslf_fa13": 0.0, "omega": 0.0, "fa_dun": 0.0, "p_aa_pp": 0.0, "yhh_planarity": 0.0, "ref": 0.0, "rama_prepro": 0.0, "total_score": -5.334905346553139}, "xyz_unbound": -902.7952269223407, "xyz_bound": -902.7952269223407, "xyz_\u2206\u2206G": 0.0, "unbound": {"fa_atr": 0.0, "fa_rep": 0.0, "fa_sol": 0.0, "fa_intra_rep": 10.146638019185803, "fa_intra_sol_xover4": 0.175391442696368, "lk_ball_wtd": 0.0, "fa_elec": 0.0, "pro_close": 0.0, "hbond_sr_bb": 0.0, "hbond_lr_bb": 0.0, "hbond_bb_sc": 0.0, "hbond_sc": 0.0, "dslf_fa13": 0.0, "omega": 0.0, "fa_dun": 0.0, "p_aa_pp": 0.0, "yhh_planarity": 0.0, "ref": 0.0, "rama_prepro": 0.0, "total_score": 0.226124632792297}}, "mRMSD": 1.5209506369102352, "RMSDs": []}