{"Energy": {"holo_ref2015": -901.2942143014745, "bound": {"fa_atr": -11.84755718647305, "fa_rep": 2.479782899518747, "fa_sol": 5.117199851286962, "fa_intra_rep": 7.682010169763746, "fa_intra_sol_xover4": 0.3044001097402277, "lk_ball_wtd": 0.09309722177064637, "fa_elec": 0.03187206951520147, "pro_close": 0.0, "hbond_sr_bb": 0.0, "hbond_lr_bb": 0.0, "hbond_bb_sc": 0.0, "hbond_sc": 0.0, "dslf_fa13": 0.0, "omega": 0.0, "fa_dun": 0.0, "p_aa_pp": 0.0, "yhh_planarity": 0.0, "ref": 0.0, "rama_prepro": 0.0, "total_score": -4.898697288575883}, "xyz_unbound": -901.2942143014745, "xyz_bound": -901.2942143014745, "xyz_\u2206\u2206G": 0.0, "unbound": {"fa_atr": 0.0, "fa_rep": 0.0, "fa_sol": 0.0, "fa_intra_rep": 9.585153580414865, "fa_intra_sol_xover4": 0.4158472548585132, "lk_ball_wtd": 0.0, "fa_elec": 0.0, "pro_close": 0.0, "hbond_sr_bb": 0.0, "hbond_lr_bb": 0.0, "hbond_bb_sc": 0.0, "hbond_sc": 0.0, "dslf_fa13": 0.0, "omega": 0.0, "fa_dun": 0.0, "p_aa_pp": 0.0, "yhh_planarity": 0.0, "ref": 0.0, "rama_prepro": 0.0, "total_score": 0.4637730227605875}}, "mRMSD": 1.5132808988363904, "RMSDs": []}