{"Energy": {"MMFF_ligand": 1475.7552656032658, "holo_ref2015": -355.05966769295696, "ligand_ref2015": {"fa_atr": -16.522992937657644, "fa_rep": 14.74576488152956, "fa_sol": 3.1707108290129655, "fa_intra_rep": 224.6240973108229, "fa_intra_sol_xover4": -1.7024523812089891, "lk_ball_wtd": -0.40901771573176476, "fa_elec": -0.3916005659340141, "pro_close": 0.0, "hbond_sr_bb": 0.0, "hbond_lr_bb": 0.0, "hbond_bb_sc": 0.0, "hbond_sc": 0.0, "dslf_fa13": 0.0, "omega": 0.0, "fa_dun": 0.0, "p_aa_pp": 0.0, "yhh_planarity": 0.0, "ref": 0.0, "rama_prepro": 0.0, "total_score": -6.622061600124073}, "xyz_unbound": -355.05966769295696, "xyz_bound": -355.05966769295696, "xyz_\u2206\u2206G": 0.0}, "mRMSD": 1.5086236977916203, "RMSDs": [1.5086236977916203]}