{"Energy": {"holo_ref2015": -905.3812679756921, "bound": {"fa_atr": -10.908009784243456, "fa_rep": 3.1978634247970064, "fa_sol": 3.1938125722173614, "fa_intra_rep": 13.4512752813144, "fa_intra_sol_xover4": 0.33740184561657016, "lk_ball_wtd": -0.17195600655270438, "fa_elec": -0.9610316343731583, "pro_close": 0.0, "hbond_sr_bb": 0.0, "hbond_lr_bb": 0.0, "hbond_bb_sc": -0.1773166901739921, "hbond_sc": -0.5792221784325876, "dslf_fa13": 0.0, "omega": 0.0, "fa_dun": 0.0, "p_aa_pp": 0.0, "yhh_planarity": 0.0, "ref": 0.0, "rama_prepro": 0.0, "total_score": -7.440240615897041}, "xyz_unbound": -903.8681902384791, "xyz_bound": -905.3812679756921, "xyz_\u2206\u2206G": -1.5130777372130524, "unbound": {"fa_atr": 0.0, "fa_rep": 0.0, "fa_sol": 0.0, "fa_intra_rep": 9.20455194283253, "fa_intra_sol_xover4": -0.003380841869820966, "lk_ball_wtd": 0.0, "fa_elec": 0.0, "pro_close": 0.0, "hbond_sr_bb": 0.0, "hbond_lr_bb": 0.0, "hbond_bb_sc": 0.0, "hbond_sc": 0.0, "dslf_fa13": 0.0, "omega": 0.0, "fa_dun": 0.0, "p_aa_pp": 0.0, "yhh_planarity": 0.0, "ref": 0.0, "rama_prepro": 0.0, "total_score": 0.04264191784434169}}, "mRMSD": 1.9124077979570908, "RMSDs": []}