{"Energy": {"holo_ref2015": -903.8191805513369, "bound": {"fa_atr": -16.694520563608524, "fa_rep": 7.817932464265488, "fa_sol": 7.137628516899258, "fa_intra_rep": 68.28132991256948, "fa_intra_sol_xover4": 1.5768119861988277, "lk_ball_wtd": -0.4654717508879591, "fa_elec": -1.8354136096341707, "pro_close": 0.0, "hbond_sr_bb": 0.0, "hbond_lr_bb": 0.0, "hbond_bb_sc": 0.0, "hbond_sc": -1.1990555176583597, "dslf_fa13": 0.0, "omega": 0.0, "fa_dun": 0.0, "p_aa_pp": 0.0, "yhh_planarity": 0.0, "ref": 0.0, "rama_prepro": 0.0, "total_score": -6.838751433782061}, "xyz_unbound": -901.4210695160201, "xyz_bound": -903.8191805513369, "xyz_\u2206\u2206G": -2.398111035316788, "unbound": {"fa_atr": 0.0, "fa_rep": 0.0, "fa_sol": 0.0, "fa_intra_rep": 18.71368431024002, "fa_intra_sol_xover4": 0.8016380199330009, "lk_ball_wtd": 0.0, "fa_elec": 0.0, "pro_close": 0.0, "hbond_sr_bb": 0.0, "hbond_lr_bb": 0.0, "hbond_bb_sc": 0.0, "hbond_sc": 0.0, "dslf_fa13": 0.0, "omega": 0.0, "fa_dun": 0.0, "p_aa_pp": 0.0, "yhh_planarity": 0.0, "ref": 0.0, "rama_prepro": 0.0, "total_score": 0.8952064414842009}}, "mRMSD": 0.8714261824106512, "RMSDs": [0.7227741959400672, 1.046473482660831]}