{"Energy": {"holo_ref2015": -903.0344420689371, "bound": {"fa_atr": -11.07988946770639, "fa_rep": 1.4881624780453633, "fa_sol": 4.986943754965635, "fa_intra_rep": 10.380973191519265, "fa_intra_sol_xover4": 0.353934051040934, "lk_ball_wtd": -0.17408266781225118, "fa_elec": 0.02471659813974979, "pro_close": 0.0, "hbond_sr_bb": 0.0, "hbond_lr_bb": 0.0, "hbond_bb_sc": 0.0, "hbond_sc": 0.0, "dslf_fa13": 0.0, "omega": 0.0, "fa_dun": 0.0, "p_aa_pp": 0.0, "yhh_planarity": 0.0, "ref": 0.0, "rama_prepro": 0.0, "total_score": -5.017983502489776}, "xyz_unbound": -903.0344420689371, "xyz_bound": -903.0344420689371, "xyz_\u2206\u2206G": 0.0, "unbound": {"fa_atr": 0.0, "fa_rep": 0.0, "fa_sol": 0.0, "fa_intra_rep": 10.455680224483984, "fa_intra_sol_xover4": 0.7223762659717314, "lk_ball_wtd": 0.0, "fa_elec": 0.0, "pro_close": 0.0, "hbond_sr_bb": 0.0, "hbond_lr_bb": 0.0, "hbond_bb_sc": 0.0, "hbond_sc": 0.0, "dslf_fa13": 0.0, "omega": 0.0, "fa_dun": 0.0, "p_aa_pp": 0.0, "yhh_planarity": 0.0, "ref": 0.0, "rama_prepro": 0.0, "total_score": 0.7746546670941513}}, "mRMSD": 1.4655532324678608, "RMSDs": []}