{"Energy": {"MMFF_ligand": 204.81361347850537, "holo_ref2015": -385.645367436643, "ligand_ref2015": {"fa_atr": -9.311595218994679, "fa_rep": 2.7862085123101865, "fa_sol": 5.545808457889343, "fa_intra_rep": 27.10013624975775, "fa_intra_sol_xover4": 0.667088875299253, "lk_ball_wtd": -0.26203528134763626, "fa_elec": -0.8435325505857526, "pro_close": 0.0, "hbond_sr_bb": 0.0, "hbond_lr_bb": 0.0, "hbond_bb_sc": -0.549407954939235, "hbond_sc": 0.0, "dslf_fa13": 0.0, "omega": 0.0, "fa_dun": 0.0, "p_aa_pp": 0.0, "yhh_planarity": 0.0, "ref": 0.0, "rama_prepro": 0.0, "total_score": -3.0857583096593144}, "xyz_unbound": -384.54655152676446, "xyz_bound": -385.645367436643, "xyz_\u2206\u2206G": -1.0988159098785673}, "mRMSD": 0.3406003214140709, "RMSDs": [0.3406003214140709]}