{"Energy": {"holo_ref2015": -900.3541819559886, "bound": {"fa_atr": -9.707623315393178, "fa_rep": 1.8352724238300873, "fa_sol": 4.305969491344954, "fa_intra_rep": 8.511488468748363, "fa_intra_sol_xover4": 0.2558650286064798, "lk_ball_wtd": -0.26769686284740607, "fa_elec": 0.1534947027893808, "pro_close": 0.0, "hbond_sr_bb": 0.0, "hbond_lr_bb": 0.0, "hbond_bb_sc": 0.0, "hbond_sc": 0.0, "dslf_fa13": 0.0, "omega": 0.0, "fa_dun": 0.0, "p_aa_pp": 0.0, "yhh_planarity": 0.0, "ref": 0.0, "rama_prepro": 0.0, "total_score": -4.20803368004948}, "xyz_unbound": -900.3541819559886, "xyz_bound": -900.3541819559886, "xyz_\u2206\u2206G": 0.0, "unbound": {"fa_atr": 0.0, "fa_rep": 0.0, "fa_sol": 0.0, "fa_intra_rep": 9.581033483980596, "fa_intra_sol_xover4": 0.2234101342377831, "lk_ball_wtd": 0.0, "fa_elec": 0.0, "pro_close": 0.0, "hbond_sr_bb": 0.0, "hbond_lr_bb": 0.0, "hbond_bb_sc": 0.0, "hbond_sc": 0.0, "dslf_fa13": 0.0, "omega": 0.0, "fa_dun": 0.0, "p_aa_pp": 0.0, "yhh_planarity": 0.0, "ref": 0.0, "rama_prepro": 0.0, "total_score": 0.2713153016576861}}, "mRMSD": 2.051779842359069, "RMSDs": []}