{"Energy": {"holo_ref2015": -901.9289767842324, "bound": {"fa_atr": -12.705501437290625, "fa_rep": 6.038771230314925, "fa_sol": 5.860435959416765, "fa_intra_rep": 11.450672335192438, "fa_intra_sol_xover4": 0.9641834969364157, "lk_ball_wtd": -0.5597059383055041, "fa_elec": -1.056042754962112, "pro_close": 0.0, "hbond_sr_bb": 0.0, "hbond_lr_bb": 0.0, "hbond_bb_sc": 0.0, "hbond_sc": -0.79988399323386, "dslf_fa13": 0.0, "omega": 0.0, "fa_dun": 0.0, "p_aa_pp": 0.0, "yhh_planarity": 0.0, "ref": 0.0, "rama_prepro": 0.0, "total_score": -4.91793712908975}, "xyz_unbound": -900.3292087977647, "xyz_bound": -901.9289767842324, "xyz_\u2206\u2206G": -1.5997679864676684, "unbound": {"fa_atr": 0.0, "fa_rep": 0.0, "fa_sol": 0.0, "fa_intra_rep": 10.19519594886189, "fa_intra_sol_xover4": 0.7343327531404729, "lk_ball_wtd": 0.0, "fa_elec": 0.0, "pro_close": 0.0, "hbond_sr_bb": 0.0, "hbond_lr_bb": 0.0, "hbond_bb_sc": 0.0, "hbond_sc": 0.0, "dslf_fa13": 0.0, "omega": 0.0, "fa_dun": 0.0, "p_aa_pp": 0.0, "yhh_planarity": 0.0, "ref": 0.0, "rama_prepro": 0.0, "total_score": 0.7853087328847823}}, "mRMSD": 0.5082513860322273, "RMSDs": [0.5082513860322273]}