{"Energy": {"holo_ref2015": -899.0750054667824, "bound": {"fa_atr": -9.557953130500131, "fa_rep": 1.444414788730177, "fa_sol": 4.87848834119477, "fa_intra_rep": 10.878045093708577, "fa_intra_sol_xover4": 0.37044789184703264, "lk_ball_wtd": -0.19218244730007616, "fa_elec": 0.08867785744289879, "pro_close": 0.0, "hbond_sr_bb": 0.0, "hbond_lr_bb": 0.0, "hbond_bb_sc": 0.0, "hbond_sc": 0.0, "dslf_fa13": 0.0, "omega": 0.0, "fa_dun": 0.0, "p_aa_pp": 0.0, "yhh_planarity": 0.0, "ref": 0.0, "rama_prepro": 0.0, "total_score": -3.5637031280453657}, "xyz_unbound": -899.0750054667824, "xyz_bound": -899.0750054667824, "xyz_\u2206\u2206G": 0.0, "unbound": {"fa_atr": 0.0, "fa_rep": 0.0, "fa_sol": 0.0, "fa_intra_rep": 10.236690149297166, "fa_intra_sol_xover4": 0.7113167411917767, "lk_ball_wtd": 0.0, "fa_elec": 0.0, "pro_close": 0.0, "hbond_sr_bb": 0.0, "hbond_lr_bb": 0.0, "hbond_bb_sc": 0.0, "hbond_sc": 0.0, "dslf_fa13": 0.0, "omega": 0.0, "fa_dun": 0.0, "p_aa_pp": 0.0, "yhh_planarity": 0.0, "ref": 0.0, "rama_prepro": 0.0, "total_score": 0.7625001919382625}}, "mRMSD": 1.4910593809373185, "RMSDs": []}