{"Energy": {"holo_ref2015": -905.0030748593929, "bound": {"fa_atr": -10.74902872197979, "fa_rep": 2.9904061891640703, "fa_sol": 2.569700750919501, "fa_intra_rep": 12.442024946350129, "fa_intra_sol_xover4": 0.22180496258498833, "lk_ball_wtd": -0.14579996462050643, "fa_elec": -0.7893283198891708, "pro_close": 0.0, "hbond_sr_bb": 0.0, "hbond_lr_bb": 0.0, "hbond_bb_sc": 0.0, "hbond_sc": -0.2828296393809266, "dslf_fa13": 0.0, "omega": 0.0, "fa_dun": 0.0, "p_aa_pp": 0.0, "yhh_planarity": 0.0, "ref": 0.0, "rama_prepro": 0.0, "total_score": -7.468547403593916}, "xyz_unbound": -904.4374155806311, "xyz_bound": -905.0030748593929, "xyz_\u2206\u2206G": -0.5656592787618138, "unbound": {"fa_atr": 0.0, "fa_rep": 0.0, "fa_sol": 0.0, "fa_intra_rep": 10.775707211615748, "fa_intra_sol_xover4": 0.07714781402460763, "lk_ball_wtd": 0.0, "fa_elec": 0.0, "pro_close": 0.0, "hbond_sr_bb": 0.0, "hbond_lr_bb": 0.0, "hbond_bb_sc": 0.0, "hbond_sc": 0.0, "dslf_fa13": 0.0, "omega": 0.0, "fa_dun": 0.0, "p_aa_pp": 0.0, "yhh_planarity": 0.0, "ref": 0.0, "rama_prepro": 0.0, "total_score": 0.13102635008268637}}, "mRMSD": 1.9195273634750332, "RMSDs": []}