{"Energy": {"holo_ref2015": -900.5192543912071, "bound": {"fa_atr": -10.022851562611415, "fa_rep": 1.9009888018410024, "fa_sol": 4.441545261433262, "fa_intra_rep": 7.48431342994817, "fa_intra_sol_xover4": 0.314448526377766, "lk_ball_wtd": 0.04512763729741767, "fa_elec": 0.24865793401599254, "pro_close": 0.0, "hbond_sr_bb": 0.0, "hbond_lr_bb": 0.0, "hbond_bb_sc": 0.0, "hbond_sc": 0.0, "dslf_fa13": 0.0, "omega": 0.0, "fa_dun": 0.0, "p_aa_pp": 0.0, "yhh_planarity": 0.0, "ref": 0.0, "rama_prepro": 0.0, "total_score": -3.8901067953246833}, "xyz_unbound": -900.5192543912071, "xyz_bound": -900.5192543912071, "xyz_\u2206\u2206G": 0.0, "unbound": {"fa_atr": 0.0, "fa_rep": 0.0, "fa_sol": 0.0, "fa_intra_rep": 9.58852507918206, "fa_intra_sol_xover4": 0.419738895832217, "lk_ball_wtd": 0.0, "fa_elec": 0.0, "pro_close": 0.0, "hbond_sr_bb": 0.0, "hbond_lr_bb": 0.0, "hbond_bb_sc": 0.0, "hbond_sc": 0.0, "dslf_fa13": 0.0, "omega": 0.0, "fa_dun": 0.0, "p_aa_pp": 0.0, "yhh_planarity": 0.0, "ref": 0.0, "rama_prepro": 0.0, "total_score": 0.46768152122812734}}, "mRMSD": 1.5317678524783012, "RMSDs": []}