{"Energy": {"holo_ref2015": -902.1665811722788, "bound": {"fa_atr": -10.093192232365872, "fa_rep": 2.0597223326967082, "fa_sol": 3.7117895199220112, "fa_intra_rep": 25.56665320170238, "fa_intra_sol_xover4": 0.4219656225575886, "lk_ball_wtd": -0.4811880053342011, "fa_elec": 0.11840455965987032, "pro_close": 0.0, "hbond_sr_bb": 0.0, "hbond_lr_bb": 0.0, "hbond_bb_sc": 0.0, "hbond_sc": 0.0, "dslf_fa13": 0.0, "omega": 0.0, "fa_dun": 0.0, "p_aa_pp": 0.0, "yhh_planarity": 0.0, "ref": 0.0, "rama_prepro": 0.0, "total_score": -5.061539986568903}, "xyz_unbound": -902.1665811722788, "xyz_bound": -902.1665811722788, "xyz_\u2206\u2206G": 0.0, "unbound": {"fa_atr": 0.0, "fa_rep": 0.0, "fa_sol": 0.0, "fa_intra_rep": 10.118254638358474, "fa_intra_sol_xover4": 0.21881410284989167, "lk_ball_wtd": 0.0, "fa_elec": 0.0, "pro_close": 0.0, "hbond_sr_bb": 0.0, "hbond_lr_bb": 0.0, "hbond_bb_sc": 0.0, "hbond_sc": 0.0, "dslf_fa13": 0.0, "omega": 0.0, "fa_dun": 0.0, "p_aa_pp": 0.0, "yhh_planarity": 0.0, "ref": 0.0, "rama_prepro": 0.0, "total_score": 0.269405376041684}}, "mRMSD": 1.6556918968393413, "RMSDs": []}