{"Energy": {"holo_ref2015": -907.0655264601389, "bound": {"fa_atr": -17.717036328986904, "fa_rep": 7.604088378155254, "fa_sol": 7.635687681619183, "fa_intra_rep": 99.4451780947925, "fa_intra_sol_xover4": 0.7058509098247386, "lk_ball_wtd": -0.9576497949780772, "fa_elec": -1.69628096596697, "pro_close": 0.0, "hbond_sr_bb": 0.0, "hbond_lr_bb": 0.0, "hbond_bb_sc": -0.11368965222470205, "hbond_sc": -0.7996053241936163, "dslf_fa13": 0.0, "omega": 0.0, "fa_dun": 0.0, "p_aa_pp": 0.0, "yhh_planarity": 0.0, "ref": 0.0, "rama_prepro": 0.0, "total_score": -8.263248976446995}, "xyz_unbound": -905.2389365073025, "xyz_bound": -907.0655264601389, "xyz_\u2206\u2206G": -1.826589952836457, "unbound": {"fa_atr": 0.0, "fa_rep": 0.0, "fa_sol": 0.0, "fa_intra_rep": 21.122342580619918, "fa_intra_sol_xover4": -0.15776526335196292, "lk_ball_wtd": 0.0, "fa_elec": 0.0, "pro_close": 0.0, "hbond_sr_bb": 0.0, "hbond_lr_bb": 0.0, "hbond_bb_sc": 0.0, "hbond_sc": 0.0, "dslf_fa13": 0.0, "omega": 0.0, "fa_dun": 0.0, "p_aa_pp": 0.0, "yhh_planarity": 0.0, "ref": 0.0, "rama_prepro": 0.0, "total_score": -0.05215355044886333}}, "mRMSD": 0.9596546304413553, "RMSDs": [0.6671642879471689, 1.3364431613704584]}