{"Energy": {"holo_ref2015": -900.8761047716293, "bound": {"fa_atr": -10.24163627420642, "fa_rep": 2.1535727684337655, "fa_sol": 4.313197841030754, "fa_intra_rep": 7.237330923107037, "fa_intra_sol_xover4": 0.26047176256516885, "lk_ball_wtd": 0.10067128026016625, "fa_elec": 0.19585947498735415, "pro_close": 0.0, "hbond_sr_bb": 0.0, "hbond_lr_bb": 0.0, "hbond_bb_sc": 0.0, "hbond_sc": 0.0, "dslf_fa13": 0.0, "omega": 0.0, "fa_dun": 0.0, "p_aa_pp": 0.0, "yhh_planarity": 0.0, "ref": 0.0, "rama_prepro": 0.0, "total_score": -4.150784238108871}, "xyz_unbound": -900.8761047716293, "xyz_bound": -900.8761047716293, "xyz_\u2206\u2206G": 0.0, "unbound": {"fa_atr": 0.0, "fa_rep": 0.0, "fa_sol": 0.0, "fa_intra_rep": 9.584722489844667, "fa_intra_sol_xover4": 0.36738148108139734, "lk_ball_wtd": 0.0, "fa_elec": 0.0, "pro_close": 0.0, "hbond_sr_bb": 0.0, "hbond_lr_bb": 0.0, "hbond_bb_sc": 0.0, "hbond_sc": 0.0, "dslf_fa13": 0.0, "omega": 0.0, "fa_dun": 0.0, "p_aa_pp": 0.0, "yhh_planarity": 0.0, "ref": 0.0, "rama_prepro": 0.0, "total_score": 0.4153050935306207}}, "mRMSD": 1.5414037818941368, "RMSDs": []}