{"Energy": {"holo_ref2015": -901.5557854887878, "bound": {"fa_atr": -10.177903362587006, "fa_rep": 2.3640245545029424, "fa_sol": 4.794855885942984, "fa_intra_rep": 14.905906739169822, "fa_intra_sol_xover4": 0.4063848391272132, "lk_ball_wtd": -0.5671059558982497, "fa_elec": -0.02438479852524586, "pro_close": 0.0, "hbond_sr_bb": 0.0, "hbond_lr_bb": 0.0, "hbond_bb_sc": 0.0, "hbond_sc": 0.0, "dslf_fa13": 0.0, "omega": 0.0, "fa_dun": 0.0, "p_aa_pp": 0.0, "yhh_planarity": 0.0, "ref": 0.0, "rama_prepro": 0.0, "total_score": -4.193410353267837}, "xyz_unbound": -901.5557854887878, "xyz_bound": -901.5557854887878, "xyz_\u2206\u2206G": 0.0, "unbound": {"fa_atr": 0.0, "fa_rep": 0.0, "fa_sol": 0.0, "fa_intra_rep": 9.57460590378549, "fa_intra_sol_xover4": 0.2641999701025008, "lk_ball_wtd": 0.0, "fa_elec": 0.0, "pro_close": 0.0, "hbond_sr_bb": 0.0, "hbond_lr_bb": 0.0, "hbond_bb_sc": 0.0, "hbond_sc": 0.0, "dslf_fa13": 0.0, "omega": 0.0, "fa_dun": 0.0, "p_aa_pp": 0.0, "yhh_planarity": 0.0, "ref": 0.0, "rama_prepro": 0.0, "total_score": 0.31207299962142826}}, "mRMSD": 1.602768687729711, "RMSDs": []}