{"Energy": {"MMFF_ligand": 12503589.897887351, "holo_ref2015": -339.67399994704664, "ligand_ref2015": {"fa_atr": -17.793642863419944, "fa_rep": 10.52783913178647, "fa_sol": 6.837136540147465, "fa_intra_rep": 1914.5658821372292, "fa_intra_sol_xover4": 1.9738178826070494, "lk_ball_wtd": -0.8343685484281657, "fa_elec": -1.0836226573045515, "pro_close": 0.0, "hbond_sr_bb": 0.0, "hbond_lr_bb": 0.0, "hbond_bb_sc": 0.0, "hbond_sc": 0.0, "dslf_fa13": 0.0, "omega": 0.0, "fa_dun": 0.0, "p_aa_pp": 0.0, "yhh_planarity": 0.0, "ref": 0.0, "rama_prepro": 0.0, "total_score": 4.462461286770558}, "xyz_unbound": -339.67399994704664, "xyz_bound": -339.67399994704664, "xyz_\u2206\u2206G": 0.0}, "mRMSD": 1.2274928377252006, "RMSDs": [1.2274928377252006]}