{"Energy": {"holo_ref2015": -905.4574945223062, "bound": {"fa_atr": -13.85300291458038, "fa_rep": 6.689055090468227, "fa_sol": 5.495599981111457, "fa_intra_rep": 19.43592738505998, "fa_intra_sol_xover4": -0.706676041187105, "lk_ball_wtd": -0.3693379486107079, "fa_elec": -0.990320489878311, "pro_close": 0.0, "hbond_sr_bb": 0.0, "hbond_lr_bb": 0.0, "hbond_bb_sc": -0.1619279720738302, "hbond_sc": -0.7465717845876348, "dslf_fa13": 0.0, "omega": 0.0, "fa_dun": 0.0, "p_aa_pp": 0.0, "yhh_planarity": 0.0, "ref": 0.0, "rama_prepro": 0.0, "total_score": -7.556077233123687}, "xyz_unbound": -903.6404950089832, "xyz_bound": -905.4574945223062, "xyz_\u2206\u2206G": -1.816999513323026, "unbound": {"fa_atr": 0.0, "fa_rep": 0.0, "fa_sol": 0.0, "fa_intra_rep": 12.542303096769652, "fa_intra_sol_xover4": -0.5227399122841805, "lk_ball_wtd": 0.0, "fa_elec": 0.0, "pro_close": 0.0, "hbond_sr_bb": 0.0, "hbond_lr_bb": 0.0, "hbond_bb_sc": 0.0, "hbond_sc": 0.0, "dslf_fa13": 0.0, "omega": 0.0, "fa_dun": 0.0, "p_aa_pp": 0.0, "yhh_planarity": 0.0, "ref": 0.0, "rama_prepro": 0.0, "total_score": -0.46002839680033225}}, "mRMSD": 0.5665151484859527, "RMSDs": [0.5665151484859527]}