{"Energy": {"holo_ref2015": -906.440459375481, "bound": {"fa_atr": -11.899111280824451, "fa_rep": 2.5295070046998673, "fa_sol": 3.2733763998784418, "fa_intra_rep": 7.378726448787637, "fa_intra_sol_xover4": 0.1334186045057322, "lk_ball_wtd": 0.09345828450651747, "fa_elec": -0.16110789676239745, "pro_close": 0.0, "hbond_sr_bb": 0.0, "hbond_lr_bb": 0.0, "hbond_bb_sc": -0.3978411720604959, "hbond_sc": 0.0, "dslf_fa13": 0.0, "omega": 0.0, "fa_dun": 0.0, "p_aa_pp": 0.0, "yhh_planarity": 0.0, "ref": 0.0, "rama_prepro": 0.0, "total_score": -7.529684575927788}, "xyz_unbound": -905.6447770313601, "xyz_bound": -906.440459375481, "xyz_\u2206\u2206G": -0.7956823441209053, "unbound": {"fa_atr": 0.0, "fa_rep": 0.0, "fa_sol": 0.0, "fa_intra_rep": 9.665460242027704, "fa_intra_sol_xover4": 0.08770693623909766, "lk_ball_wtd": 0.0, "fa_elec": 0.0, "pro_close": 0.0, "hbond_sr_bb": 0.0, "hbond_lr_bb": 0.0, "hbond_bb_sc": 0.0, "hbond_sc": 0.0, "dslf_fa13": 0.0, "omega": 0.0, "fa_dun": 0.0, "p_aa_pp": 0.0, "yhh_planarity": 0.0, "ref": 0.0, "rama_prepro": 0.0, "total_score": 0.13603423744923618}}, "mRMSD": 1.6781770239525786, "RMSDs": []}