{"Energy": {"holo_ref2015": -902.4694339742944, "bound": {"fa_atr": -10.457046640138284, "fa_rep": 2.117343843773952, "fa_sol": 3.356597083406607, "fa_intra_rep": 9.384456218051024, "fa_intra_sol_xover4": 0.5817961330759875, "lk_ball_wtd": 0.12316115834605491, "fa_elec": -0.5183468842090255, "pro_close": 0.0, "hbond_sr_bb": 0.0, "hbond_lr_bb": 0.0, "hbond_bb_sc": 0.0, "hbond_sc": 0.0, "dslf_fa13": 0.0, "omega": 0.0, "fa_dun": 0.0, "p_aa_pp": 0.0, "yhh_planarity": 0.0, "ref": 0.0, "rama_prepro": 0.0, "total_score": -5.702377754352732}, "xyz_unbound": -902.4694339742944, "xyz_bound": -902.4694339742944, "xyz_\u2206\u2206G": 0.0, "unbound": {"fa_atr": 0.0, "fa_rep": 0.0, "fa_sol": 0.0, "fa_intra_rep": 9.068896072580733, "fa_intra_sol_xover4": 0.04123605359486974, "lk_ball_wtd": 0.0, "fa_elec": 0.0, "pro_close": 0.0, "hbond_sr_bb": 0.0, "hbond_lr_bb": 0.0, "hbond_bb_sc": 0.0, "hbond_sc": 0.0, "dslf_fa13": 0.0, "omega": 0.0, "fa_dun": 0.0, "p_aa_pp": 0.0, "yhh_planarity": 0.0, "ref": 0.0, "rama_prepro": 0.0, "total_score": 0.0865805339577734}}, "mRMSD": 1.9930348687087485, "RMSDs": []}