{"Energy": {"holo_ref2015": -904.0863859077192, "bound": {"fa_atr": -15.132200146179237, "fa_rep": 5.9461260937813005, "fa_sol": 6.0287278016914945, "fa_intra_rep": 86.04818068228302, "fa_intra_sol_xover4": 0.07785840605912266, "lk_ball_wtd": -0.3154777980774851, "fa_elec": -0.23396976731862554, "pro_close": 0.0, "hbond_sr_bb": 0.0, "hbond_lr_bb": 0.0, "hbond_bb_sc": -0.4043872143224037, "hbond_sc": 0.0, "dslf_fa13": 0.0, "omega": 0.0, "fa_dun": 0.0, "p_aa_pp": 0.0, "yhh_planarity": 0.0, "ref": 0.0, "rama_prepro": 0.0, "total_score": -6.278838463156005}, "xyz_unbound": -903.2776114790745, "xyz_bound": -904.0863859077192, "xyz_\u2206\u2206G": -0.8087744286447105, "unbound": {"fa_atr": 0.0, "fa_rep": 0.0, "fa_sol": 0.0, "fa_intra_rep": 8.094545095087023, "fa_intra_sol_xover4": 0.45125532110472544, "lk_ball_wtd": 0.0, "fa_elec": 0.0, "pro_close": 0.0, "hbond_sr_bb": 0.0, "hbond_lr_bb": 0.0, "hbond_bb_sc": 0.0, "hbond_sc": 0.0, "dslf_fa13": 0.0, "omega": 0.0, "fa_dun": 0.0, "p_aa_pp": 0.0, "yhh_planarity": 0.0, "ref": 0.0, "rama_prepro": 0.0, "total_score": 0.49172804658016056}}, "mRMSD": 2.0901137986333165, "RMSDs": []}