{"Energy": {"holo_ref2015": -902.9844863010173, "bound": {"fa_atr": -9.838494619196393, "fa_rep": 1.234123565749047, "fa_sol": 3.9591909342593405, "fa_intra_rep": 8.019125644641296, "fa_intra_sol_xover4": 0.2092174576249797, "lk_ball_wtd": -0.3054429768362408, "fa_elec": 0.016276351631114815, "pro_close": 0.0, "hbond_sr_bb": 0.0, "hbond_lr_bb": 0.0, "hbond_bb_sc": 0.0, "hbond_sc": 0.0, "dslf_fa13": 0.0, "omega": 0.0, "fa_dun": 0.0, "p_aa_pp": 0.0, "yhh_planarity": 0.0, "ref": 0.0, "rama_prepro": 0.0, "total_score": -5.240389263132016}, "xyz_unbound": -902.9844863010173, "xyz_bound": -902.9844863010173, "xyz_\u2206\u2206G": 0.0, "unbound": {"fa_atr": 0.0, "fa_rep": 0.0, "fa_sol": 0.0, "fa_intra_rep": 9.580417356116964, "fa_intra_sol_xover4": 0.20429812949624226, "lk_ball_wtd": 0.0, "fa_elec": 0.0, "pro_close": 0.0, "hbond_sr_bb": 0.0, "hbond_lr_bb": 0.0, "hbond_bb_sc": 0.0, "hbond_sc": 0.0, "dslf_fa13": 0.0, "omega": 0.0, "fa_dun": 0.0, "p_aa_pp": 0.0, "yhh_planarity": 0.0, "ref": 0.0, "rama_prepro": 0.0, "total_score": 0.2522002162768271}}, "mRMSD": 1.6775490143664091, "RMSDs": []}