{"Energy": {"MMFF_ligand": 276.8871379440034, "holo_ref2015": -379.9357329463836, "ligand_ref2015": {"fa_atr": -7.424330277836925, "fa_rep": 1.890812351052268, "fa_sol": 5.101724456873468, "fa_intra_rep": 6.975784491386044, "fa_intra_sol_xover4": 0.7619838897637553, "lk_ball_wtd": -0.12889268952896663, "fa_elec": -0.17638058180570107, "pro_close": 0.0, "hbond_sr_bb": 0.0, "hbond_lr_bb": 0.0, "hbond_bb_sc": 0.0, "hbond_sc": 0.0, "dslf_fa13": 0.0, "omega": 0.0, "fa_dun": 0.0, "p_aa_pp": 0.0, "yhh_planarity": 0.0, "ref": 0.0, "rama_prepro": 0.0, "total_score": -0.7910694869986925}, "xyz_unbound": -379.9357329463836, "xyz_bound": -379.9357329463836, "xyz_\u2206\u2206G": 0.0}, "mRMSD": 0.29933966542060136, "RMSDs": [0.29933966542060136]}