{"Energy": {"holo_ref2015": -906.5302145205446, "bound": {"fa_atr": -10.976250859584649, "fa_rep": 3.143051579745618, "fa_sol": 3.3687814124204336, "fa_intra_rep": 8.818285626978358, "fa_intra_sol_xover4": 0.23346215468509102, "lk_ball_wtd": -0.0607121777409971, "fa_elec": -1.3267757994332896, "pro_close": 0.0, "hbond_sr_bb": 0.0, "hbond_lr_bb": 0.0, "hbond_bb_sc": 0.0, "hbond_sc": -1.1170006029483335, "dslf_fa13": 0.0, "omega": 0.0, "fa_dun": 0.0, "p_aa_pp": 0.0, "yhh_planarity": 0.0, "ref": 0.0, "rama_prepro": 0.0, "total_score": -8.105726075606762}, "xyz_unbound": -904.296213314648, "xyz_bound": -906.5302145205446, "xyz_\u2206\u2206G": -2.234001205896675, "unbound": {"fa_atr": 0.0, "fa_rep": 0.0, "fa_sol": 0.0, "fa_intra_rep": 9.498857786777183, "fa_intra_sol_xover4": 0.21465951886469614, "lk_ball_wtd": 0.0, "fa_elec": 0.0, "pro_close": 0.0, "hbond_sr_bb": 0.0, "hbond_lr_bb": 0.0, "hbond_bb_sc": 0.0, "hbond_sc": 0.0, "dslf_fa13": 0.0, "omega": 0.0, "fa_dun": 0.0, "p_aa_pp": 0.0, "yhh_planarity": 0.0, "ref": 0.0, "rama_prepro": 0.0, "total_score": 0.26215380779858205}}, "mRMSD": 1.956281238188524, "RMSDs": []}