{"Energy": {"MMFF_ligand": 29521.983296732178, "holo_ref2015": -359.03972556244867, "ligand_ref2015": {"fa_atr": -12.657263536270705, "fa_rep": 3.5658316872210882, "fa_sol": 2.2257881420519956, "fa_intra_rep": 336.36993956954774, "fa_intra_sol_xover4": 1.0501497705304164, "lk_ball_wtd": -0.9888073509695978, "fa_elec": -0.020632245305652528, "pro_close": 0.0, "hbond_sr_bb": 0.0, "hbond_lr_bb": 0.0, "hbond_bb_sc": 0.0, "hbond_sc": 0.0, "dslf_fa13": 0.0, "omega": 0.0, "fa_dun": 0.0, "p_aa_pp": 0.0, "yhh_planarity": 0.0, "ref": 0.0, "rama_prepro": 0.0, "total_score": -6.747708094144206}, "xyz_unbound": -359.03972556244867, "xyz_bound": -359.03972556244867, "xyz_\u2206\u2206G": 0.0}, "mRMSD": 0.6691464712602162, "RMSDs": [0.6691464712602162]}