{"Energy": {"holo_ref2015": -903.5338514139348, "bound": {"fa_atr": -9.922728005246542, "fa_rep": 1.83503038266119, "fa_sol": 3.3379774985416564, "fa_intra_rep": 8.45102183442266, "fa_intra_sol_xover4": 0.20193158830252164, "lk_ball_wtd": -0.20550821774471908, "fa_elec": 0.2853216551522616, "pro_close": 0.0, "hbond_sr_bb": 0.0, "hbond_lr_bb": 0.0, "hbond_bb_sc": 0.0, "hbond_sc": 0.0, "dslf_fa13": 0.0, "omega": 0.0, "fa_dun": 0.0, "p_aa_pp": 0.0, "yhh_planarity": 0.0, "ref": 0.0, "rama_prepro": 0.0, "total_score": -5.251483661359054}, "xyz_unbound": -903.5338514139348, "xyz_bound": -903.5338514139348, "xyz_\u2206\u2206G": 0.0, "unbound": {"fa_atr": 0.0, "fa_rep": 0.0, "fa_sol": 0.0, "fa_intra_rep": 9.246020922869617, "fa_intra_sol_xover4": -0.07911627670515471, "lk_ball_wtd": 0.0, "fa_elec": 0.0, "pro_close": 0.0, "hbond_sr_bb": 0.0, "hbond_lr_bb": 0.0, "hbond_bb_sc": 0.0, "hbond_sc": 0.0, "dslf_fa13": 0.0, "omega": 0.0, "fa_dun": 0.0, "p_aa_pp": 0.0, "yhh_planarity": 0.0, "ref": 0.0, "rama_prepro": 0.0, "total_score": -0.032886172090806624}}, "mRMSD": 1.7459641448649632, "RMSDs": []}